!Vertigo.avi,,,,
(1951) A Streetcar Named Desire.avi,,,,
[ UsaBit.com ] - PAY IT FORWARD(2000)DVDRip INF1N1TY.avi,,,,
[1997] James Bond - Tomorrow Never Dies.avi,,,,
[2003] Finding Nemo.avi,,,,
[500MB] Mystic River [2003] [HDRip.x264]-Salman.mkv,,,,
[DRLK]GrotFi.mkv,,,,
[DRLK]Laputa Castle in the Sky.mkv,,,,
[Nandzys™]Jaws_1975_DVDrip_XviD_Pt 1-Ekolb.avi,,,,
[Nandzys™]Jaws_1975_DVDrip_XviD_Pt 2-Ekolb.avi,,,,
[TryFile.com] Snow Angels (2007) DVDRip.avi,,,,
_The Graduate_1967_DVDrip_XviD-Ekolb-{!!!Big-B..}.avi,,,,
{^GazeLLE^}Princess Mononoke.avi,,,,
~uTorrentPartFile_2BAB4746.dat,,,,
~uTorrentPartFile_39B0F632.dat,,,,
01.avi,,,,
02.avi,,,,
1.rmvb,,,,
12 Angry Men (1957) [XviD].avi,,,,
12 Rounds.mp4,,,,
1492.-.Conquest.of.Paradise.1992.DVDRip.DivX.AR.cd1.avi,,,,
1492.-.Conquest.of.Paradise.1992.DVDRip.DivX.AR.cd2.avi,,,,
1989 - my left foot.avi,,,,
2001 Space odeyssey (1984).mkv,,,,
21 Grams KLAXXON.avi,,,,
27.Dresses[2008]DvDrip[Eng]-aXXo.avi,,,,
3.10 to yuma.BRRip.mkv,,,,
4Lions.2010.DVDRip.mkv,,,,
50.50.BDRip.mkv,,,,
7Days.mkv,,,,
A Clockwork Orange[1971]DvDrip[Eng]-FXG.avi,,,,
A Little Princess (Most Beautiful Movie Ever).avi,,,,
A Lot Like Love.avi,,,,
A Mighty Heart.avi,,,,
A Perfect Murder (1998).avi,,,,
A very very eyeopening video-must for female iitians.avi,,,,
A.Fish.Called.Wanda.1988.2012.1080p.BluRay.x264.anoXmous_.mp4,,,,
A.Fistful.of.Dollars.1964.640.25fps.911kbps.V5.WunSeeDee.avi,,,,
A.Most.Wanted.Man.2014.720p.BluRay.x264.YIFY.mp4,,,,
aaf-greta.2009.dvdrip.xvid.avi,,,,
aaf-my.girlfriends.boyfriend.2010.dvdrip.xvid.avi,,,,
About Schmidt - 2002.DVDRip.XviD.avi,,,,
About.A.Boy.avi,,,,
About.A.Boy[2002]DvDrip[Eng]-morgie.avi,,,,
Act of valor.2012.HDRip.720p.mkv,,,,
Air Collision.2011..dvd.mkv,,,,
Airplane.avi,,,,
ALIEN BRrip.mkv,,,,
aliens.avi,,,,
All My Sons (1948) DvdRip Eng NKM.avi,,,,
All.Star.Superman.2011.DVDRip_tinymoviez.com.mkv,,,,
Almost Famous.avi,,,,
Alpha and Omega 2010.mkv,,,,
amelie.Br.mkv,,,,
American Beauty.avi,,,,
American Pie 1.avi,,,,
American Pie 2.avi,,,,
American Pie 3 -  The Wedding DVD Rip.avi,,,,
American Pie 4- Band Camp 2005 dvdrip.avi,,,,
American Pie 5 Naked Mile.avi,,,,
American Sniper (2014) DvD Scr Rip.mkv,,,,
AMERICAN.HISTORY.BluRay.mkv,,,,
American.Psycho.Uncut.2000.720p.BRRip.XviD.AC3-FLAWL3SS.avi,,,,
Americas Sweethearts - Julia Roberts.avi,,,,
An.Education   7.7.avi,,,,
Animals Are Beautiful People.1974.MustWatch.avi,,,,
Annabelle (2014) 720p HC WEB-DL 750MB.mkv,,,,
Annapolis.2006.DVDRip.XviD-DiAMOND.Shareheaven.net(1).avi,,,,
Annie.Hall.1977.XviD.AC3-WAF.avi,,,,
Antichrist.2009.DVDRIP.XviD-ZEKTORM.avi,,,,
Antwone Fisher[2002]DvDrip[Eng]-prithwi.avi,,,,
Apocalypse now 1979 BRrip.mkv,,,,
Argo (2012) BluRay 720p 800MB Ganool.mkv,,,,
Arlington Road.avi,,,,
AsCo-Rocky.1976.720p.BluRay.AC3.x264-UNiT3D.mkv,,,,
Atonement.2007.m-HD.x264-uSk.mkv,,,,
Avatar.2009.mkv,,,,
Avseq02.rmvb,,,,
Back to the Future.avi,,,,
Bad Lieutenant (2009) DVDRip XviD-MAXSPEED www.torentz.3xforum.ro.avi,,,,
Bad.Company.2002.DVDRip-BRONZ.mkv,,,,
Bangkok.Dangerous[2008]DvDrip-aXXo.avi,,,,
Barry Lyndon --Kubrick.avi,,,,
Batman Begins.mkv,,,,
BattleGround.2012.BRRip.mkv,,,,
Beauty and the Beast.avi,,,,
Because I Said So 2007 DvDRip Jozzep.avi,,,,
Before Sunrise.avi,,,,
Before Sunset.avi,,,,
Being John Malkovich.avi,,,,
Ben.Hur CD1.rmvb,,,,
Ben.Hur CD2.rmvb,,,,
Big Fish.avi,,,,
Birdman.2014.DVDSCR.mkv,,,,
Black Swan 2010.mkv,,,,
Blade Runner BRrip.mkv,,,,
Blanc_-_White.avi,,,,
Bleu_-_Blue.avi,,,,
Blow.avi,,,,
BODY OF EVIDENCE madona.avi,,,,
Bound US.avi,,,,
Boys Don't Cry{AB}.avi,,,,
Braveheart [1995].avi,,,,
Captain America The First Avenger 2011 720p Bluray x264-scOrp.mkv,,,,
Carlito's way.mkv,,,,
Casablanca 1942 BluRayRip........shared by Mazik™.mkv,,,,
Case 39 (2009) BRRip.mkv,,,,
Cashback.mkv,,,,
Casino Royale.avi,,,,
Casino[1995]DvDrip[Eng]-Zeus_Dias.avi,,,,
CD I.avi,,,,
CD I.avi,,,,
CD I.avi,,,,
CD I.avi,,,,
CD I.divx,,,,
CD II.avi,,,,
CD II.avi,,,,
CD II.avi,,,,
CD II.avi,,,,
CD II.divx,,,,
CD III.avi,,,,
Centurion.2010.DvDRip.AC3-FxM.avi,,,,
changeling.AVI,,,,
Chariots Of Fire.avi,,,,
Charles Chaplin - Modern Times (1936) DVDRip (SiRiUs sHaRe).avi,,,,
Charlie St.Cloud.avi,,,,
Charlie Wilsons War.avi,,,,
Cherry.avi,,,,
Children.Of.Men[2006]DvDrip[Eng]-aXXo.avi,,,,
ChinaTown.(1974).BRrip.mkv,,,,
Chronicles of Riddick.mkv,,,,
CITIZEN KANE.divx,,,,
City Lights(1931).avi,,,,
city of god-awesome movie.avi,,,,
Clerks.1994.720p.www.MegaHotFire.com.mkv,,,,
Cloverfield.2008.480p.BluRay.AAC.x264-UNiT3D.mkv,,,,
Coherence.2013.1080p.BluRay.x264.YIFY.mp4,,,,
Confessions Of A Dangerous Mind.mkv,,,,
Contraband (2012) DVDRip.mkv, Way Back.flv,,,
Cool.Hand.Luke.1967.592x240.25fps.689kbs.96mp3.MultiSub.WunSeeDee.avi,,,,
Cougars.Inc.2011.BRRip.XviD-ph2.avi,,,,
Cowboys.and.aliens.2011.BRRip.mkv,,,,
Cruel Intentions.avi,,,,
CrzyStupLuvDVDR2011450_MediafireHBO.COM.mkv,,,,
Daas.Boot.Br.(1981).BRRIP.mkv,,,,
Dances With Wolves - KickASS (MicroStar RG).mp4,,,,
DdChrclllll72bd.KiLLeR.mkv,,,,
Dear John (2010) [_silas_].avi,,,,
Deja Vu [2006].avi,,,,
Despicable Me[2010]DvDrip[Eng]-FXG.avi,,,,
devil..avi,,,,
DEVILS OWN 1.VOB,,,,
DEVILS OWN 2.VOB,,,,
devise-rounders.cd1.avi,,,,
devise-rounders.cd2.avi,,,,
Diary Of A Wimpy Kid {2010} DVDRIP. Jaybob.avi,,,,
Die Another Day.avi,,,,
Die Hard 1.avi,,,,
Dinner For Schmucks {2010} DVDRIP. Jaybob .avi,,,,
Dinner For Schmucks {2010}.avi,,,,
Dirty Dancing 1987 20th Anniversary Edition DvDrip[Eng]-greenbud1969.avi,,,,
Dirty Pretty Things.avi,,,,
District 9; Sharlto Copley,,,,
dmd-wih.avi,,,,
dmd-wih-subs.sfv,,,,
dmt-diving.avi,,,,
Dog Day Afternoon; Al Pacino,,,,
Domino.avi,,,,
Donnie Brasco KLAXXON.avi,,,,
Donnie_Darko_Dir_Cut_(2001)-Det0nat0R-X.mkv,,,,
Double.Indemnity.(1944).BRrip.mkv,,,,
Doubt.2008.Re-encoded.400MB.DVDscr.scOrp.mkv,,,,
Downfall(2004)pt 1.avi,,,,
Downfall(2004)pt 2.avi,,,,
Dredd 2012 BRRip XviD Ac3 Feel-Free.avi.mp4,,,,
Drive Angry {2011} DVDRIP. Jaybob .avi,,,,
Drive.2011.SCR.XviD-playXD-Det0nat0R-X.avi,,,,
Due.Date.2010.DVDRIP.x264.300mbunited.com--scOrp.mkv,,,,
Eastern Promises.mkv,,,,
Eat Pray Love.2010.R5.LiNE.Xvid {1337x}-Noir.avi,,,,
Ed Wood; Johnny Depp,,,,
Edge.of.Tomorrow.2014.1080p.WEBRip.HC.XviD.MP3-RARBG.avi,,,,
El Laberinto del Fauno.avi,,,,
Elite Squad 2007BRRip 700MB.mkv,,,,
Elite Squad The Enemy Within.BRRip.mkv,,,,
ELIZABETH.VOB,,,,
Elysium (2013) 720p R6 WEBRip 800MB Ganool.mkv,,,,
Erin.Brockovich.2000.BRRip_moviesnhacks.com - Copy.mkv,,,,
Escape from Alcatraz.AVI,,,,
Eternal Sunshine of the Spotless Mind.mkv,,,,
Extremely Loud And Incredibly Close (2011) DVDRip 500MB.mkv,,,,
exvid-akbd.avi,,,,
exvid-treasureland1.avi,,,,
exvid-treasureland1-sample.avi,,,,
exvid-treasureland2.avi,,,,
Eyes_Wide_Shut_1999_136517.divx,,,,
Fake Identity {2010} DVDRIP. Jaybob.avi,,,,
Fallen.1998.720p.Bluray.x264.anoXmous.mp4,,,,
far north.avi,,,,
Fargo 1996.mkv,,,,
Fast Times At Ridgemont High DVDRip Occor avi.avi,,,,
FAST5.BRR_urgrove.com.mkv,,,,
Fear And Loathing In Las Vegas KLAXXON.avi,,,,
Ferris.Bueller's.Day.Off.1986.624x256.25fps.862kbs.122mp3.MultiSub.WunSeeDee.avi,,,,
Fever Pitch (drew barrymore,,,,
Fight Club (1999).mp4,,,,
Final Destination 5.mkv,,,,
Finding.Neverland.DVDRiP.XViD-DEiTY.avi,,,,
Firelight 2012 DVDRIP Xvid -BHRG.avi,,,,
Flashbacks of a Fool.avi,,,,
Flipped [2010].mp4,,,,
Fly Paper 2011 -[ANSH™].avi,,,,
Flypaper.2011.720p.BrRip.x264.YIFY.mp4,,,,
Forrest Gump 1994 HDRip{Dual audio}[Eng Hindi]Current_HD.mkv,,,,
Fracture.2007.720p.BrRip.x264.YIFY.mp4,,,,
Frat.Party.2009.DVDRip.XviD-VoMiT.NoRar.www.crazy-torrent.com.avi,,,,
Frequency.2000.720p.HDTV.x264.YIFY.mkv,,,,
Frost.Nixon.LiMiTED.DVDSCR.XviD-DoNE.1.avi,,,,
Frost.Nixon.LiMiTED.DVDSCR.XviD-DoNE.2.avi,,,,
Frost-Nixon (2008).avi,,,,
Funny People (2009) DVDRip XviD-MAXSPEED www.torentz.3xforum.ro.avi,,,,
Gandhi [1982-BDRip-H.264]-NewArtRiot.mp4,,,,
Get.The.Gringo.2012.HDRiP.450MB.GetMediaFire.net.mkv,,,,
gfw-syis.avi,,,,
gfw-ur.avi,,,,
gfw-ur.sfv,,,,
Ghost Rider 2-Spirit of vengeance 2011 HDRip.mkv,,,,
Gifted.Hands.The.Ben.Carson.Story.2009.DVDRip.XviD-ViSiON.NoRar.www.crazy-torrent.com.avi,,,,
giftedhandsposter.png,,,,
Gladiator.mp4,,,,
Gloomy.Sunday.1999.XviD.AC3.2CH.CD1-WAF.avi,,,,
Gloomy.Sunday.1999.XviD.AC3.2CH.CD2-WAF.avi,,,,
Glory.Road[2006]DvDrip[Eng]-aXXo.avi,,,,
Glory[1989]DvDrip[Eng]-prithwi.avi,,,,
God Bless America (2011) HDRip.mkv,,,,
Godfather [1972] [HDRip.x264] -[600MB] Salman.mkv,,,,
Godfather 2 [1974].mkv,,,,
Godfather part III [720p]; Al Pacino,,,,
Going The Distance.avi,,,,
Goldeneye.avi,,,,
Gone Girl (2014) HDCAM x264-CPG.mp4,,,,
Gone with the Wind; Clark Gable,,,,
Gone.2011.DVDRip.mkv,,,,
Gone[2012]BRRip XviD-ETRG.avi,,,,
Good.Night.And.Good.Luck.avi,,,,
Good.Will.Hunting.1997.BRRiP.720p.x264~PlutO~.mp4,,,,
Goodfellas (1990).mkv,,,,
Gran.Torino.2008.DvDRip-FxM.avi,,,,
Grand Illusion (1937). m720p. Bluray. x264.mkv,,,,
Gravity (2013) - 720p.mkv,,,,
Great Expectations.avi,,,,
Green Street 2 - Stand Your Ground.avi,,,,
Green Street.avi,,,,
Gridiron.Gang[2006]DvDrip[Eng]-aXXo.avi,,,,
Grindhouse-Planet.Terror[2007][Unrated.Edition]DvDrip[Eng]-aXXo.avi,,,,
GrlNkdEye.2012.BRRip_urgrove.com.mkv,,,,
Groundhog Day (1993) m720p_tinymoviez.com.mkv,,,,
Grown Ups 2010 DVDSCR XViD-KiNGDOM v2.avi,,,,
Guardians.of.the.Galaxy.2014.DVDRip.X264.AC3.5.1-PLAYNOW.mkv.mp4,,,,
Hang Over 2.2011.DVDRip.mkv,,,,
Harold & Kumar Escape From Guantanamo Bay [2008].avi,,,,
Harold & Kumar Go To White Castle [2004].avi,,,,
HARRY.BRR_urgrove.com.mkv,,,,
HAYWIRE.R5.2011.mkv,,,,
HD-Unit3d.com - A glimpse to the future.url,,,,
Heat 1995 DvDrip[Eng]-greenbud1969.avi,,,,
Heavenly Creatures.mkv,,,,
Hereafter_2010_BRRip_XviD_AC3-SANTi-Det0nat0R-X.xvid.avi,,,,
Hero.Wanted.avi,,,,
High Road.2012.BRRip.mkv,,,,
High.Fidelity.(2000).DvDRip.(Eng).avi,,,,
High.Noon.1952.560x416.24fps.1061kbs.85kbpsmono.MultiSub.WunSeeDee.avi,,,,
Homecoming.2009.DvdRip.Xvid {1337x}-Noir.avi,,,,
Hot Fuzz.avi,,,,
Hotel Rwanda (2004) DVDrip. Xvid.avi,,,,
How to Train Your Dragon[2010]DvDrip[Eng]-FXG.avi,,,,
How to Win Every Argument.pdf,,,,
How.I.Spent.My.Summer.Vacation.2012.HDRip.XviD-HOPE.avi,,,,
How.The.Grinch.Stole.Christmas.[2000].DVDRip.XviD-BLiTZKRiEG.avi,,,,
Hugo.2011.BRRip.mkv,,,,
Hysteria (2011) BRRip 600MB.mkv,,,,
I Don't Know How She Does It.avi,,,,
I melt with you.2011.BRRip.mkv,,,,
I Spit On Your Grave.2010.DVDRip.XviD-WBZ.avi,,,,
I.Love.You.Man.DVDRip.XviD-DASH.mkv,,,,
ic-chicago.mp4,,,,
If.Only.avi,,,,
IMDB 080 - The Great Escape.avi,,,,
Immortals.2011.Propr.BRRip.mkv,,,,
In Time.2011.DVDRip.mkv,,,,
Inception 2010 720p[Dual-Audio][Eng-Hindi]~BONIIN.mkv,,,,
Indiana.Jones.And.The.Raiders.Of.The.Lost.Ark[1981]DvDrip[Eng]-aXXo.avi,,,,
info.gif,,,,
Inglourious_Basterds.2009-]=[ackerS@int-.DvdRip.Xvid-Noir.avi,,,,
Inside Man.avi,,,,
Into.the.Storm.2014.720p.BluRay.x264.YIFY.mp4,,,,
Into.The.Wild.mkv,,,,
Intouchables (2011) 480p BRRip x264 AAC-ChameE.mkv,,,,
Intruders.2011.DVDRip.XviD-NYDIC.avi,,,,
Irreversible KLAXXON.avi,,,,
Its A Boy Girl Thing.avi,,,,
Its A Wonderful Life {1946}.mp4,,,,
It's Kind of a Funny Story[2010]DvDrip[Eng]-FXG.avi,,,,
jack and jill.(2012).720p.BRRip.mkv,,,,
James Bond - Never Say Never Again.rmvb,,,,
James Bond 007 - Goldfinger.avi,,,,
James Bond 007 - On Her Majesty's Secret Service.CD1.avi,,,,
James Bond 007 - The Man With The Golden Gun.CD2.avi,,,,
Johnny English Reborn.BRRip(2011).mkv,,,,
Johnny English.mkv,,,,
Joy.Ride.Dead.Ahead.2008..mkv,,,,
Just.Like.Heaven[2005]DvDrip.AC3[Eng]-aXXo.avi,,,,
Just.My.Luck[2006]DvDrip[Eng]-aXXo.avi,,,,
Kick-Ass.2.2013.R6.HDRip.XviD-S4A.mkv,,,,
Kill Bill vol 2 KLAXXON.avi,,,,
Kill Bill Vol.1 [2003]-keltz.avi,,,,
KillerElite2011hd72@loadzoom.com.mkv,,,,
Killers.avi,,,,
Kingdom of Heaven(7.1).mkv,,,,
Kiss.Kiss-Bang.Bang[2005]DvDrip[Eng]-aXXo.avi,,,,
KPAX.avi,,,,
l letters to juliet.avi,,,,
L.A.Confidential.avi,,,,
Last Crusade.mkv,,,,
Latest Downloads.url,,,,
Lawrence of Arabia [720p]; Peter O'Toole,,,,
Legend Of The Guardians {2010} DVDRIP. Jaybob .avi,,,,
Let The Right One In.avi,,,,
Lets Go To Prison.avi,,,,
Letters From Iwo Jima(2006).avi,,,,
Life As We Know It {2010} DVDRIP. Jaybob .avi,,,,
Life As We Know It.avi,,,,
Life of Brian(XviD).avi,,,,
Life.Is.Beautiful.1997.HDRip_urgrove.com.mkv,,,,
Like.Crazy.2011.720p.BluRay.x264.YIFY.mp4,,,,
little fockers.mkv,,,,
Lock.Stock.And.Two.Smoking.Barrels.[1998]-JaCk™-.mkv,,,,
Lost in Translation (Oscar Nominee - Scarlett Johannason - Romance).avi,,,,
Lottery Ticket.avi,,,,
Love and Other Disasters.avi,,,,
LoveActually.Br.mkv,,,,
Lucky number slevin (2006) BrRip 550MB.mkv,,,,
Lucy (2014) 720p HDRip HC x264 AAC-CPG.mp4,,,,
M.720p.BRRip.(1931).mkv,,,,
M3rc3n4rI329.2k11.brr.mkv,,,,
Machete.2010.BRRip.mkv,,,,
Magnolia Bluray Rip.mkv,,,,
Malena.avi,,,,
Malibu's Most Wanted.avi,,,,
Man on Fire (2004) x264 m-HD - AdiT 720p.mkv,,,,
Man.of.Steel.2013.720p.BluRay.x264.YIFY.mp4,,,,
Manchurian Candidate.avi,,,,
Manhattan (Woody Allen 1979) XviD DVDRip.avi,,,,
Marley & Me[2008]DvDrip[Eng]-FXG.avi,,,,
Marlon Brando - On The Waterfront (1954) DVDRip (SiRiUs sHaRe).avi,,,,
Mary.And.Max.2009.DVDRip.XviD ~ Kira.avi,,,,
MASTER AND COMMANDER -THE FAR SIDE OF THE WORLD.mkv,,,,
Max Payne BRRip.mkv,,,,
MchlClytn.2007.digitalmoviez.com.mkv,,,,
MediaFire4U.Com_WhtsEtngGlbrtGrp.Br.mkv,,,,
MediafireDowns.Cinema.Paradiso.1988.mkv,,,,
MediafireDowns.Monty.Python.Holy.Grai.avi,,,,
Meet The Fockers.avi,,,,
Meeting Evil (2012) HDRip 320mb.mkv,,,,
Megamind.2010.DvDRip.XviD.AC3-MAGNAT.avi,,,,
Memento DVDrip.avi,,,,
Michael.Jackson.Life.Of.A.Superstar.2009.DVDRip.XviD-VoMiT.avi,,,,
Midnight in Paris [2011].mkv,,,,
Milk.2008.DVDRIP.XviD-ZEKTORM.avi,,,,
Million.Dollar.Baby[2004]DvDrip[Eng]-TB.avi,,,,
Mnybll.2011.BRRip_urgrove.com.mkv,,,,
Monsters Inc..avi,,,,
Monte.Carlo.2011.BRRip.XviD-BKZ.avi,,,,
Moon (2009) 720p 400MB.mkv,,,,
Moulin Rouge [2001].avi,,,,
Mr Popper's penguin.bd72.ddmf.biz.mkv,,,,
Mr. Brooks (2007) BRRip - x264 - 700MB[MediaMasti.com].mkv,,,,
mtvzmgp.dvr.mediatvzone.mkv,,,,
Murder by Death.avi,,,,
My Moms New Boyfriend (2008).mkv,,,,
My Sister's Keeper.[2009].RETAIL.DVDRIP.XVID.[Eng]-DUQA.avi,,,,
Mysterious Skin DVDRip.avi, romantic comedy).avi,,,
National Security.avi,,,,
Never Let Me Go[2010]BRRip XviD-ExtraTorrentRG.avi,,,,
New Section 1.one,,,,
No Reservations[2007]DvDrip[Eng]-FXG.avi,,,,
No.Country.For.Old.Men[2007]DvDrip-aXXo.avi,,,,
Non.Stop.2014.720p.BluRay.x264.YIFY.mp4,,,,
North by Northwest (1959) BRRip.mkv,,,,
Oblivion.2013.1080p.BluRay.x264.YIFY.mp4,,,,
Octopussy (1983).avi,,,,
oftm-wbz.mkv,,,,
Old.School.DVDRip.Xvid.2003-tots.avi,,,,
Oldboy.2003.DVDRip.DivX.DTS.CD1-MoNG.avi,,,,
On Her Majestys Secret Service (1969) CD2.avi,,,,
Once Upon A Time In America.mkv,,,,
Once Upon a Time in Anatolia (2011).mkv,,,,
Once.Upon.A.Time.In.The.West.BRrip.(1984).mkv,,,,
One Flew Over The Cuckoo's Nest.mkv,,,,
OneNote Table Of Contents.onetoc2,,,,
OneNote Table Of Contents.onetoc2,,,,
OneNote Table Of Contents.onetoc2,,,,
OneNote Table Of Contents.onetoc2,,,,
OneNote Table Of Contents.onetoc2,,,,
OneNote Table Of Contents.onetoc2,,,,
orc-def1.avi,,,,
orc-def2.avi,,,,
Out.Of.Africa.1985.720p-KitaroKiliman.JoinMovie.Com.mkv,,,,
Outpost-Black Sun (2012) BRRip Xvid AC3-Anarchy.avi,,,,
Pan's.Labyrinth[2006]DvDrip[Eng.Sub]-aXXo.avi,,,,
ParaNormal Acticity 3.2011.BRRip.mkv,,,,
Paul.2011.DVDRip.Hindi.Eng.[world4free.in].mkv,,,,
Payback.mkv,,,,
Paycheck.avi,,,,
Pineapple.Express[2008]DvDrip-aXXo.avi,,,,
Pirate Radio.2009.DvdRip.Xvid {1337x}-Noir.avi,,,,
Pirates of the Caribbean - The Curse of the Black Pearl.avi,,,,
Pirates.Of.The.Caribbean.On.Stranger.Tides.2011.720p.BRRip.XviD.AC3-ViSiON.mkv,,,,
Platoon (1986) Brrip 600MB.mkv,,,,
Predestination.2014.720p.BluRay.x264.YIFY.mp4,,,,
Pretty Woman.avi,,,,
Primal.Fear.(1996).avi,,,,
Princess.Protection.Program (Salena Gomaze).avi,,,,
Psycho[1960]DvDrip[Eng]-Stealthmaster.avi,,,,
Public Enemies (2009) m-720p - 550MB - ShAaNiG.mkv,,,,
Pulp Fiction.avi,,,,
Quantum.of.Solace.REPACK.DVDSCR.XviD-COALiTiON.avi,,,,
Rainman.avi,,,,
Raising.Arizona.1987.Coen.Brothers.DVDRip.XviD.MP3.avi,,,,
Rambo-I First Blood-1982.avi,,,,
Rampart[2011]BRRip XviD-ETRG.avi,,,,
Rango.2011.BRRip_mediafiremoviez.com.mkv,,,,
Ratatouille.NSS.avi,,,,
READ.hlp,,,,
READ.hlp,,,,
Rear Window CD 1.avi,,,,
Rear Window CD 2.avi,,,,
Reign.Over.Me[2007]DvDrip[Eng]-aXXo.avi,,,,
Requiem For A Dream.avi,,,,
Rescue Dawn.mkv,,,,
Resistance (2011) BRRip 575mb.mkv,,,,
Resurrecting the Champ (2007) BluRay 720p 600MB.mkv,,,,
Revolutionary Road (2008) DVDSCR DivXNL-Team.avi,,,,
Rio.2011.BRRip_mediafiremoviez.com.mkv,,,,
Rise.of.the.Planet.of.the.Apes.2011.BluRay.720p.DTS.2Audio.x264-CHD.mkv,,,,
Rites of Passage.BRRip.2011.mkv,,,,
Rocky III.mkv,,,,
Rocky IV.mkv,,,,
Rocky V[1990].avi,,,,
Rocky VI.avi,,,,
Rocky.II.1979.720p.BluRay.AC3.x264-UNiT3D.mkv,,,,
Role.Models.UNRATED.DVDRip.XviD-DiAMOND.avi,,,,
Role.Models.UNRATED.DVDRip.XviD-DiAMOND.avi,,,,
Rosemary's Baby.avi,,,,
Rouge_-_Red.avi,,,,
Run Lola Run.avi,,,,
Running Scared.BRRip.mkv,,,,
Rush Hour (1998) - BR Rip  - 720p - x264 - [Dual-Audio] [Hindi-Eng] - [ASIAN PLANET].mkv,,,,
Rush.2013.Bluray.x264-Sparks.flv,,,,
Save.The.Last.Dance[2001]DVDrip[ENG]-MissRipZ.avi,,,,
Saving Private Ryan.mkv,,,,
Say Anything Special Edition 1989 DvDrip[Eng]-greenbud1969.avi,,,,
Scanners (1981) BRRip 625mb.mkv,,,,
Scarface_x264.mp4,,,,
Schindlers_List_A[1993]DvdRip-Death.avi,,,,
Scott.Pilgrim.Vs.The.World.2010.480p.BRRip.XviD.AC3-ViSiON.avi,,,,
Screenshot1.png,,,,
Screenshot2.png,,,,
Screenshot3.png,,,,
Se7en[1995]DvDrip[Eng]-Stealthmaster.avi,,,,
Seven Below (2012) BRRip 600mb.mkv,,,,
Seven Pounds.[2008.Eng].DVDScr.DivX-LTT.avi,,,,
Seven.Samurai.1954.CD2.DVDRip.XviD-SChiZO.avi,,,,
Shaun_of_the_Dead_2004_DvDrip_Eng_-Stealthmaster.avi,,,,
SHOOTe'm UP.mkv,,,,
Shutter Island 2010 Blu Ray Rip  720p x264 AAC shared by  Mazik™.mkv,,,,
Shutter.DVDRip.2008.DvDRip-FxM.avi,,,,
Sin City [2005].avi,,,,
Smokin.Aces.avi,,,,
Snatch (2000) HDRip 400mb.mkv,,,,
Something The Lord Made.avi,,,,
Something's.Gotta.Give[2003]DvDrip[Eng]-FANTASTiC.avi,,,,
Spirited Away [Anime][DvDRip][www.zonatorrent.com].avi,,,,
Srccode.BRR_urgrove.com.mkv,,,,
Stand_and_Deliver_(1988).theora.q9.ogv,,,,
Star.Trek.2009.DVDRIP.H264-ZEKTORM.mp4,,,,
Step.Up.3.2010.720p.Blu-Ray.kanna.mkv,,,,
Stigmata.avi,,,,
Stomp The Yard.avi,,,,
stone.of.destiny.2008.limited.dvdrip.xvid-amiable.avi,,,,
Stop-Loss[2008]DvDrip-aXXo.avi,,,,
Stranger.Than.Fiction[2006]DvDrip[Eng]-aXXo.avi,,,,
Strangers on a Train.DVDRip_Moviesnhacks.com.avi,,,,
Striptease.avi,,,,
Submarine.2010.720p.BrRip.x264YIFY.mp4,,,,
SUPER8.720P_urgrove.com.mkv,,,,
Survival.Of.The.Dead.DVDRiP.XViD-CrazyCoder.mkv,,,,
Sweeney.Todd-The.Demon.Barber.Of.Fleet.Street[2007]DvDrip[Eng]-aXXo.avi,,,,
t25h-cd1-xvid.avi,,,,
t25h-cd2-xvid.avi,,,,
Taken 3 2014 NEW SOURCE HDRip.mp4, Kate Beckinsale; Stephen Sommers; Action, Adventure, Drama; 5.6.mkv,
Takers.2010.BDrip.xvid-imbt.avi,,,,
taxi driver.mkv,,,,
Taxi To The Dark Side(2007).avi,,,,
Temple.Grandin.2010.DVDRip.XviD-TASTE.avi,,,,
That Thing You Do (1996).avi,,,,
ThBgLbwsk.Br.1giay.net.mkv,,,,
The Adventure Of Tin Tin.2011.BRRip.mkv,,,,
The Adventures of Tintin 2011 CaM XviD - ILLUMINATI.avi,,,,
The Artist.2011.DVDScr.mkv,,,,
The Assasination of Jesse James.mkv,,,,
The Aviator.mkv,,,,
The Awakening 2011 BRRip.mkv,,,,
The Back-up Plan.2010.DvdScr.Xvid {1337x}-Noir.avi,,,,
The Beach [2000]DvDrip[Eng]-NikonXp.avi,,,,
The Beach [2000]DvDrip[Eng]-NikonXp.idx,,,,
The Book of Eli 2010 Blu Ray Rip 720p x264 AAC.......shared by  Mazik™.mkv,,,,
The Children of Heaven (1997) SONIASSRJ - HZ.avi,,,,
The Count of Monte Cristo.mkv,,,,
The Crazies.2010.R5.LiNE.Xvid {1337x}-Noir.avi,,,,
The Cross And The Switchblade [1970].avi,,,,
The Darjeeling Limited.avi,,,,
The Deep Blue Sea (2011) BRRip 700mb.mkv,,,,
The Deer Hunter-1.avi,,,,
The Deer Hunter-2.avi,,,,
The Departed 2006.mkv,,,,
the Descendents 2011 BRRip.mkv,,,,
the doors (1991) (dvd).avi,,,,
The Edge (1997) BRRip 550mb.mkv,,,,
THE EXORCISM OF EMILY ROSE.avi,,,,
The Exorcist 1973 DC BRRip {MnM-RG H264}.mp4,,,,
The Fellowship of the Ring.avi,,,,
The Ghost Writer[2010]DvDrip[Eng]-FXG.avi,,,,
The Girl With The Dragon Tattoo.mkv,,,,
The Good,,,,
The Good Guy[2009]DvDrip[Eng]-FXG.avi,,,,
The Great Debaters.avi,,,,
The Green Mile.mkv,,,,
The Grey 2012 DVDSCR XviD - ZOMBiES.avi,,,,
The Hustler [1961].avi,,,,
The Ides of March.2011.BRRIP.mkv,,,,
The Incite Mill (2010) BRRip 765mb.mkv,,,,
The Incredibles .mkv,,,,
The Interrupters (2011) BRRip.mkv,,,,
The Interview (2014) 720p WEB-DL 850MB-M.mkv, Martin Landau; Tim Burton; Biography, Comedy, Drama;  8.1.avi,
The Iron Lady (2011) BRRip.mkv,,,,
The JigSaw Files.mkv,,,,
The Judge (2014) WEB-DL.avi, Diane Keaton, Andy Garcia; Crime, Drama, Mystery; 7.6.mkv
the kids are all right(2010) BRRIP.mkv, Vivien Leigh; Victor Fleming; Love, Drama; 8.2.avi,,
The Killer Inside Me  {2010} DVDRIP. Jaybob.avi,,,,
The King's Speech.mkv,,,,
The Last Lear_2008_1CD_{Pre-DvDRip}{Excellent Print}_686MB_Eng Sub_{www.desibbrg.com}_DaX_sweeto.avi,,,,
The Last Lear_2008_1CD_2_{Pre-DvDRip}{Excellent Print}_686MB_Eng Sub_{www.desibbrg.com}_DaX_sweeto.avi,,,,
The Lives of Others - English Subbed (1 of 2).avi, Alec Guiness; David Lean; Adventure, Biography, Drama; 8.5.mkv,
The Lives of Others - English Subbed (2 of 2).avi,,,,
The Long Weekend (2005).avi,,,,
The Man From Earth[2007]DvDrip AC3[Eng]-FXG.avi,,,,
The Midnight Meat Train (2008) [R5] [Eng] [Xvid] {1337x}-Noir.avi,,,,
The Mist.avi,,,,
The Passion Of The Christ.avi,,,,
The Pianist[2002]- 8.5.avi,,,,
The Prestige (2006).avi,,,,
The Princess Bride (Widescreen).avi,,,,
The Reader.mp4,,,,
The Return of the King.avi,,,,
The Rum Diary...2011..BRRip.mkv,,,,
The Samaritan 2012 DvDRip XviD Ac3 Feel-Free.avi,,,,
The Shawshank Redemption (1994) [m-HD].mkv,,,,
The Shining 1980 supposedly the best horror film ever (imdb 8.5).mkv,,,,
The Silent Partner .mp4,,,,
THE SIXTH SENSE [1999-Eng-DVDrip]-haSak.avi,,,,
The Strangers[2008][Unrated Edition]DvDrip[Eng]-FXG.avi,,,,
The Switch.2010.R5.MiC.Xvid-Noir.avi,,,,
The Terminator 1.mkv,,,,
The Thin Red Line (1998) BRRip.mkv,,,,
The Third Man (1949)_BRRip.mkv,,,,
The Third Man 1949.flv,,,,
The three Musketeers.mkv,,,,
The Truman Show.avi,,,,
The Two Towers.avi,,,,
The Untouchables.BrRip.mkv,,,,
The Usual Suspects.avi,,,,
The Vow.2012.R5.mkv,,,,
The Way,,,,
The Wizard of Oz (1939).avi,,,,
The Yellow Sea (2010) BRRip 800mb.mkv,,,,
the.40.year.old.virgin-phrax.mp4,,,,
The.Battle.of.Algiers.1966.720p.mkv,,,,
The.Bone.Collector.1999.720p.BrRip.x264.YIFY.mp4,,,,
The.Bourne.Ultimatum.2007.HDRip.x264.400Mb.mkv,,,,
The.Condemned [2007].avi,,,,
The.Grapes.Of.Wrath.1940.448x320.25fps.689kbs.96mp3.MultiSub.WunSeeDee.avi,,,,
The.Great.Dictator.1940.BRRip.x264.mkv,,,,
The.Imitation.Game.2014.DVDSCR.x264-GoPanda.mp4,,,,
The.Incredible.Hulk[2008]DvDrip-aXXo.avi,,,,
The.Last.King.Of.Scotland[2006]DvDrip[Eng]-aXXo.avi,,,,
The.Last.Kiss.DVDRip.XviD-DiAMOND.avi,,,,
The.Next.Three.Days.2010.BRRip_mediafiremoviez.com.mkv,,,,
The.November.Man.2014.720p.HDRiP.800MB.ShAaNiG.mkv,,,,
The.Romantics.LIMITED.2010.DvDRip.XviD.AC3-MAGNAT.avi,,,,
The.Runaways.DVDSCR.XviD-MC8.avi,,,,
The.Silence.of.the.Lambs.mkv,,,,
The.Social.Network.720p.x264.mkv,,,,
The.Squid.and.the.Whale.2005.DVDRip.XviD.AR.avi,,,,
The.Thing.1982.630p.BluRay.x264-CHLS.mkv,,,,
The.Wackness[2008]DvDrip-aXXo.avi,,,,
The.Wedding.Singer[1998]DVDRip-tots.avi,,,,
the.wrestler.brrip.mkv,,,,
The_Company_Men.2011.Xvid.DK.subtitles-KOSPI_The_Company_Men.2011.Xvid.DK.subtitles-www.kospi.dk.avi,,,,
The-Day-After-Tomorrow..DVDrip[vice].avi,,,,
There Will Be Blood.mkv,,,,
THEWEDDINGDATE.avi,,,,
This means war.DVDrip_urgrove.com.mkv, Jason Cope, Nathalie Boltt; Neil Blomkamp; 8.3.avi,,
Thr.2011.BRRip_urgrove.com.mkv, John Cazale; Sidney Lumet; Crime, Drama; 8.1.avi,,
Three.Kings.1999.BluRay_Ywarez.com.mkv,,,,
To Catch a Thief 1955.flv,,,,
To Kill A Mockingbird (1962).rtf,,,,
To Kill A Mockingbird [1962].avi,,,,
Touch of Evil - Orson Welles.avi,,,,
Toy Story 3.2010.BRRip_www.ravho.com.mkv,,,,
ToyStory 1 [Dual Audio][English- Hindi].mkv,,,,
Train to Pakistan(1998)-Hindi-DvdRip-Xvid ~ Smeet.avi,,,,
Training Day.2001.mkv,,,,
Trainspotting [1996]HDDvDrip[Eng]-Connaz-AKA-MrPirate.mkv,,,,
Transcendence.2014.720p.BluRay.x264.YIFY.mp4,,,,
TRANSFORMER.BRR.v2_urgrove.com.mkv,,,,
Transformers Age of Extinction 2014 720p WEB-DL 1.2GB-MMKV.mkv,,,,
Tropa.de.Elite.Elite.Squad.2007.blu-ray.x264.720P.DTS-CHD.smi,,,,
Trst.2010.BRRip_mediafiremoviez.com.mkv,,,,
TS-ZEKTORM.avi,,,,
TS-ZEKTORM.idx,,,,
TWELVE Monkeys.BRR_urgrove.com.mkv,,,,
Two Guys.avi,,,,
TWO WEEKS NOTICE.avi,,,,
Two Weeks Notice.jpeg,,,,
Under the Skin 2013 HDRiP.DiVX.MP3-ART3MiS.avi,,,,
Undisputed [2002][x264][500mb].mkv,,,,
Undisputed II - Last Man Standing 2006 DVDRip.avi,,,,
Unforgiven; Clint Eastwood,,,,
Up (2009).avi,,,,
userdetails.php.htm,,,,
V for Vendetta [2005] [HD Rip] [HD-DVDRip] [720p].mkv,,,,
Valentine's Day[2010]DvDrip-aXXo.avi,,,,
Van Helsing [480p]; Hugh Jackman,,,,
Vantage Point-.mkv,,,,
VIDEO_TS.BUP,,,,
VIDEO_TS.BUP,,,,
VIDEO_TS.IFO,,,,
VIDEO_TS.IFO,,,,
VIDEO_TS.VOB,,,,
VIDEO_TS.VOB,,,,
video1.DAT,,,,
video3.DAT,,,,
vidoe2.DAT,,,,
VTS_01_0.BUP,,,,
VTS_01_0.BUP,,,,
VTS_01_0.IFO,,,,
VTS_01_0.IFO,,,,
VTS_01_0.VOB,,,,
VTS_01_1.VOB,,,,
VTS_01_1.VOB,,,,
VTS_01_1.VOB,,,,
VTS_01_2.VOB,,,,
VTS_01_2.VOB,,,,
VTS_01_2.VOB,,,,
VTS_01_3.VOB,,,,
VTS_01_3.VOB, the Bad, and the Ugly (Clint Eastwood) [XviD].avi,,
VTS_01_3.VOB,,,,
VTS_01_4.VOB,,,,
VTS_02_1.VOB,,,,
VTS_03_0.IFO,,,,
VTS_03_1.VOB,,,,
VTS_03_1.VOB,,,,
VTS_03_2.VOB,,,,
VTS_05_1.VOB,,,,
VTS_05_2.VOB,,,,
VTS_06_1.VOB,,,,
VTS_06_2.VOB,,,,
VTS_08_1.VOB,,,,
Waitress 2007 DvDrip[Eng]-greenbud1969.avi,,,,
Wall-E[2008]DvDrip-aXXo.avi,,,,
Walt Disney Miracle.avi,,,,
Waltz.With.Bashir.LIMITED.DVDRip.XviD.avi,,,,
WAR.BRRip.mkv,,,,
What Dreams May Come.avi,,,,
Who's Afraid Of Virginia Woolf 1966.avi,,,,
Wild Target.2010.DvdRip.Xvid {1337x}-Noir.avi,,,,
Wimbledon.avi, Gene Hackman, Morgan Freeman; Clint Eastwood; 8.3.avi,,
Wimbledon.idx,,,,
World.War.Z.2013.720p.BluRay.x264.YIFY.mp4,,,,
WrHrs.2011.BRRip_urgrove.com.mkv,,,,
X-Men Days of Future Past 2014 KORSUB HDRip READNFO x264 AC3-MiLLENiUM.mkv,,,,
Xmn1stCls.2011.R5v2_mediafiremoviez.com.mkv,,,,
You Again (2010) [DVDrip] - [DGR81HUNT].avi,,,,
You Will Meet a Tall Dark Stranger.avi,,,,
ZbThumbnail.info,,,,
Zombieland.mkv,,,,
